"year","household_size","house_category","flat_price"
2020,"5-member","Executive",860011.7116
2020,"4-member","4-room",578144.6752
2020,"5-member","4-room",648810.1887
2020,"1-member","3-room",468277.2004
2020,"3-member","4-room",566517.4119
2020,"2-member","3Gen",796074.13
2020,"3-member","3-room",509605.9001
2020,"1-member","5-room",707953.3874
2020,"1-member","2-room",438993.6565
2020,"4-member","3Gen",784334.8601
2020,"5-member","2-room",380128.4384
2020,"4-member","3-room",533500.7657
2020,"5-member","4-room",590034.6959
2020,"3-member","5-room",696518.8241
2020,"2-member","3Gen",781656.5092
2020,"1-member","5-room",674919.8135
2020,"4-member","4-room",601040.9851
2020,"3-member","4-room",610471.0787
2020,"2-member","5-room",717300.6327
2020,"2-member","3Gen",848961.4138
2020,"3-member","3-room",489517.7096
2020,"3-member","4-room",595528.3962
2020,"3-member","4-room",631025.8627
2020,"2-member","3-room",519281.7562
2020,"2-member","2-room",392020.0564
2020,"3-member","4-room",591434.1803
2020,"6-member","3-room",540226.6363
2020,"1-member","2-room",398306.7435
2020,"4-member","3-room",484764.1262
2020,"1-member","2-room",395301.7496
2020,"1-member","4-room",616777.7211
2020,"2-member","3-room",447800.1417
2020,"5-member","2-room",412228.0141
2020,"2-member","4-room",564117.3958
2020,"3-member","4-room",623015.1997
2020,"3-member","3Gen",762872.6497
2020,"2-member","5-room",737464.6379
2020,"2-member","4-room",587417.8589
2020,"4-member","4-room",595982.5182
2020,"2-member","3Gen",753486.3027
2020,"2-member","4-room",592013.9142
2020,"1-member","4-room",590716.532
2020,"3-member","4-room",608901.4187
2020,"5-member","3-room",491507.809
2020,"2-member","2-room",384873.7977
2020,"3-member","3-room",491381.7251
2020,"1-member","4-room",654804.578
2020,"3-member","2-room",359825.3653
2020,"3-member","5-room",683591.1051
2020,"6-member","2-room",374407.5676
2020,"6-member","3Gen",827079.1123
2020,"3-member","3-room",459821.5371
2020,"4-member","3-room",525522.9433
2020,"4-member","4-room",656922.0995
2020,"2-member","2-room",397302.5397
2020,"2-member","3-room",508100.8194
2020,"3-member","2-room",420854.7884
2020,"1-member","Executive",953398.3025
2020,"6-member","4-room",613481.5439
2020,"6-member","4-room",618763.7119
2020,"2-member","2-room",402933.4286
2020,"6-member","5-room",694721.4756
2020,"5-member","2-room",417859.6282
2020,"2-member","4-room",667050.1673
2020,"5-member","4-room",630804.8428
2020,"2-member","3-room",496867.5137
2020,"3-member","4-room",618442.2801
2020,"1-member","3-room",507011.2722
2020,"5-member","4-room",584892.2961
2020,"1-member","2-room",391480.4102
2020,"3-member","2-room",379383.5734
2020,"4-member","Executive",919428.7639
2020,"4-member","Executive",899682.3342
2020,"1-member","2-room",426616.7716
2020,"3-member","4-room",636364.4544
2020,"3-member","5-room",712823.4647
2020,"4-member","4-room",610455.5543
2020,"4-member","3Gen",831047.5533
2020,"2-member","4-room",626143.745
2020,"1-member","2-room",383805.6871
2020,"3-member","5-room",630821.858
2020,"4-member","5-room",697352.6719
2020,"4-member","4-room",639858.2798
2020,"5-member","Executive",892404.1157
2020,"4-member","5-room",663195.7331
2020,"3-member","3-room",471808.3152
2020,"2-member","5-room",682870.7811
2020,"4-member","3-room",476385.5068
2020,"4-member","2-room",450011.1252
2020,"4-member","2-room",347586.4787
2020,"1-member","5-room",677463.8664
2020,"2-member","3Gen",833804.9373
2020,"1-member","4-room",585977.7171
2020,"2-member","5-room",686886.1342
2020,"5-member","2-room",402655.6575
2020,"3-member","3-room",487921.6104
2020,"2-member","4-room",576755.8911
2020,"5-member","3-room",517684.5765
2020,"1-member","3-room",525817.6544
2020,"5-member","5-room",671463.6331
2020,"4-member","2-room",342366.0346
2020,"3-member","4-room",599695.9839
2020,"2-member","3Gen",800796.4668
2020,"1-member","5-room",678542.2098
2020,"4-member","4-room",582708.0138
2020,"2-member","3-room",497978.0556
2020,"5-member","3-room",482036.2366
2020,"2-member","Executive",877056.8041
2020,"5-member","4-room",632010.5949
2020,"2-member","Executive",842012.1662
2020,"3-member","5-room",727650.87
2020,"2-member","3-room",464011.3046
2020,"3-member","5-room",683759.8988
2020,"4-member","4-room",632756.6227
2020,"4-member","3-room",440901.3042
2020,"1-member","5-room",690799.245
2020,"3-member","3Gen",773668.2955
2020,"5-member","3-room",474839.4938
2020,"3-member","4-room",581132.393
2020,"2-member","2-room",451620.3526
2020,"6-member","2-room",416104.2472
2020,"3-member","5-room",688359.4802
2020,"2-member","3-room",475885.8414
2020,"2-member","4-room",597320.8829
2020,"4-member","3Gen",761016.4389
2020,"2-member","5-room",715977.7459
2020,"3-member","4-room",609066.6628
2020,"2-member","Executive",930685.951
2020,"4-member","4-room",587679.0783
2020,"5-member","3-room",529247.7205
2020,"3-member","5-room",712612.0526
2020,"4-member","4-room",582181.3742
2020,"3-member","5-room",680271.5577
2020,"1-member","3-room",494492.6986
2020,"5-member","5-room",660859.0532
2020,"3-member","3Gen",816650.8221
2020,"4-member","4-room",621943.7862
2020,"3-member","3-room",488045.0927
2020,"1-member","5-room",679651.1088
2020,"2-member","Executive",894195.514
2020,"4-member","5-room",707787.9562
2020,"6-member","5-room",708790.0067
2020,"2-member","4-room",617088.5737
2020,"3-member","5-room",708574.0759
2020,"3-member","5-room",673580.0902
2020,"2-member","5-room",710788.6138
2020,"1-member","4-room",588966.2402
2020,"5-member","2-room",430108.5075
2020,"4-member","3Gen",830716.094
2020,"1-member","3Gen",730098.3526
2020,"1-member","5-room",678623.474
2020,"5-member","4-room",637947.3807
2020,"2-member","3Gen",757257.7688
2020,"2-member","4-room",587324.3616
2020,"4-member","2-room",356363.4072
2020,"6-member","4-room",584387.388
2020,"2-member","3Gen",836655.9869
2020,"5-member","3-room",520239.4609
2020,"5-member","3-room",532902.9598
2020,"5-member","5-room",766012.6393
2020,"4-member","5-room",674879.7539
2020,"5-member","4-room",578509.3926
2020,"1-member","3-room",491562.5778
2020,"6-member","4-room",613395.5472
2020,"1-member","3-room",469620.6449
2020,"1-member","3-room",464472.1166
2020,"3-member","4-room",580176.995
2020,"3-member","2-room",438786.848
2020,"1-member","3Gen",785751.2626
2020,"3-member","3Gen",821238.1854
2020,"4-member","Executive",900390.4831
2020,"4-member","2-room",427854.0458
2020,"5-member","5-room",705399.2354
2020,"6-member","2-room",404026.4791
2020,"2-member","3-room",501969.2222
2020,"3-member","3-room",478780.3005
2020,"3-member","3-room",474744.6143
2020,"2-member","2-room",427571.4055
2020,"2-member","4-room",564198.6537
2020,"1-member","5-room",712713.905
2020,"4-member","5-room",726419.5662
2020,"3-member","2-room",399163.8763
2020,"2-member","4-room",628931.4856
2020,"3-member","4-room",645597.9711
2020,"3-member","2-room",446478.9462
2020,"2-member","Executive",898237.3533
2020,"3-member","3-room",514161.8735
2020,"1-member","2-room",395131.0882
2020,"1-member","3-room",476834.1496
2020,"3-member","Executive",887075.6624
2020,"3-member","3-room",562512.9976
2020,"4-member","Executive",933883.7169
2020,"5-member","4-room",587146.1418
2020,"3-member","4-room",565737.5196
2020,"3-member","3-room",508820.1122
2020,"4-member","5-room",693941.0797
2020,"4-member","2-room",387991.6895
2020,"2-member","5-room",682130.1129
2020,"1-member","2-room",402182.5914
2020,"4-member","3Gen",818400.5848
2020,"6-member","3-room",446479.2587
2020,"1-member","2-room",407091.1888
2020,"1-member","5-room",718455.9055
2020,"5-member","3-room",472384.9067
2020,"4-member","4-room",634997.8688
2020,"5-member","3Gen",817466.7676
2020,"4-member","Executive",909078.9872
2020,"4-member","4-room",629284.9233
2020,"6-member","5-room",702021.411
2020,"4-member","3Gen",816211.4862
2020,"5-member","4-room",590334.3597
2020,"6-member","3-room",486833.3884
2020,"3-member","Executive",922097.3576
2020,"2-member","3-room",520237.6323
2020,"5-member","3-room",497659.6627
2020,"3-member","5-room",705746.8821
2020,"1-member","3-room",495238.8537
2020,"4-member","4-room",575029.3435
2020,"1-member","3Gen",807575.6809
2020,"1-member","2-room",478354.1186
2020,"4-member","3Gen",854713.8228
2020,"5-member","5-room",689271.9088
2020,"4-member","3-room",498305.7482
2020,"2-member","2-room",449001.1308
2020,"2-member","4-room",609376.1113
2020,"1-member","5-room",656138.418
2020,"4-member","2-room",381752.7767
2020,"1-member","2-room",374669.7974
2020,"1-member","3Gen",800293.3097
2020,"6-member","4-room",601155.5039
2020,"5-member","5-room",657210.8844
2020,"1-member","5-room",693391.3986
2020,"3-member","3Gen",708493.0659
2020,"3-member","5-room",681593.1993
2020,"6-member","4-room",608852.0203
2020,"1-member","3Gen",808430.7042
2020,"1-member","5-room",658420.8978
2020,"4-member","3-room",528395.1148
2020,"4-member","Executive",905699.7472
2020,"4-member","3Gen",686794.8192
2020,"2-member","3Gen",833922.7094
2020,"5-member","3Gen",731057.867
2020,"1-member","3-room",514220.5455
2020,"4-member","5-room",720263.0294
2020,"1-member","3-room",439522.0613
2020,"4-member","3-room",507980.5949
2020,"1-member","3Gen",779753.4564
2020,"1-member","2-room",408660.8546
2020,"2-member","3-room",482122.2466
2020,"3-member","3Gen",807256.1101
2020,"6-member","3-room",519111.8188
2020,"2-member","5-room",727167.7308
2020,"2-member","4-room",585641.7258
2020,"5-member","5-room",670881.1676
2020,"3-member","5-room",719155.2299
2020,"1-member","Executive",916915.4728
2020,"4-member","2-room",413416.4925
2020,"1-member","4-room",622455.7626
2020,"6-member","4-room",597825.2268
2020,"4-member","2-room",425968.1444
2020,"3-member","Executive",878407.9236
2020,"4-member","3-room",532529.1989
2020,"2-member","2-room",411554
2020,"3-member","2-room",388616.5626
2020,"4-member","2-room",375172.0206
2020,"2-member","3Gen",837989.9769
2020,"5-member","5-room",659008.0069
2020,"2-member","3Gen",800978.0209
2020,"5-member","3Gen",790792.3517
2020,"4-member","3-room",498489.8629
2020,"6-member","3Gen",819492.1967
2020,"3-member","3-room",543598.7643
2020,"6-member","5-room",744991.9728
2020,"3-member","3-room",504691.599
2020,"3-member","5-room",720389.9133
2020,"3-member","2-room",391528.3706
2020,"5-member","3-room",486457.6548
2020,"3-member","4-room",579168.6465
2020,"1-member","2-room",386477.9343
2020,"4-member","2-room",403177.7737
2020,"2-member","2-room",379790.1037
2020,"2-member","2-room",397936.5579
2020,"3-member","5-room",668861.6366
2020,"3-member","4-room",588437.5861
2020,"2-member","3Gen",826240.0752
2020,"2-member","3Gen",801286.5366
2020,"5-member","5-room",708590.7203
2020,"3-member","4-room",594921.3942
2020,"6-member","3-room",518204.1191
2020,"1-member","4-room",564037.3919
2020,"2-member","5-room",716605.3934
2020,"4-member","3-room",530019.206
2020,"2-member","4-room",585593.9252
2020,"4-member","3-room",511318.3665
2020,"2-member","2-room",423844.2788
2020,"2-member","Executive",873190.3025
2020,"2-member","2-room",371671.8828
2020,"4-member","3Gen",783967.1277
2020,"1-member","5-room",675032.701
2020,"4-member","5-room",694528.6313
2020,"2-member","5-room",670851.0516
2020,"4-member","2-room",436426.4123
2020,"4-member","4-room",611347.27
2020,"6-member","4-room",589490.4771
2020,"5-member","3-room",524660.2254
2020,"5-member","4-room",619244.59
2020,"3-member","5-room",717836.3763
2020,"4-member","3-room",492945.5691
2020,"4-member","4-room",579535.1734
2020,"2-member","4-room",636886.6209
2020,"4-member","2-room",399695.9393
2020,"2-member","4-room",586752.6343
2020,"4-member","3-room",495950.1788
2020,"2-member","2-room",413229.6723
2020,"3-member","3-room",482213.1387
2020,"2-member","3Gen",743419.1359
2020,"2-member","3-room",492161.0048
2020,"1-member","5-room",674245.8726
2020,"1-member","4-room",617010.0383
2020,"4-member","2-room",397816.5262
2020,"2-member","3-room",508633.4231
2020,"2-member","Executive",898731.1094
2020,"4-member","3-room",469395.188
2020,"5-member","5-room",694611.7263
2020,"4-member","2-room",375189.5421
2020,"6-member","3-room",544511.782
2020,"6-member","Executive",888660.2955
2020,"2-member","4-room",601392.5098
2020,"6-member","4-room",567867.1464
2020,"5-member","4-room",615354.5112
2020,"4-member","2-room",403498.5298
2020,"1-member","4-room",646833.5072
2020,"5-member","5-room",685368.0175
2020,"3-member","3-room",513955.0322
2020,"4-member","5-room",705035.3053
2020,"4-member","2-room",450895.5731
2020,"3-member","5-room",715468.5735
2020,"2-member","2-room",377343.2383
2020,"5-member","3-room",512249.4705
2020,"1-member","5-room",710090.8271
2020,"1-member","3Gen",804954.4268
2020,"6-member","5-room",686560.8139
2020,"4-member","2-room",379370.9261
2020,"1-member","4-room",599567.1627
2020,"2-member","Executive",986037.1551
2020,"3-member","4-room",652994.6002
2020,"6-member","3-room",474783.3517
2020,"2-member","Executive",901302.9243
2020,"2-member","Executive",818161.216
2020,"1-member","4-room",565374.6005
2020,"4-member","2-room",386172.5864
2020,"1-member","2-room",402421.502
2020,"5-member","3-room",492074.996
2020,"2-member","4-room",580622.8716
2020,"3-member","4-room",603601.6243
2020,"4-member","3-room",452649.9283
2020,"1-member","2-room",388118.3512
2020,"2-member","4-room",508579.6561
2020,"1-member","4-room",540306.8378
2020,"4-member","3-room",564346.5278
2020,"4-member","5-room",704503.6768
2020,"1-member","3-room",488718.5634
2020,"1-member","3-room",521564.3613
2020,"4-member","2-room",414908.0423
2020,"2-member","2-room",388600.4582
2020,"3-member","4-room",624783.6159
2020,"2-member","4-room",567056.0572
2020,"4-member","2-room",413118.4075
2020,"2-member","3-room",495763.1406
2020,"3-member","4-room",599928.3173
2020,"5-member","2-room",358527.168
2020,"3-member","4-room",630151.9563
2020,"3-member","4-room",598334.1066
2020,"4-member","4-room",608906.2853
2020,"2-member","5-room",677837.5914
2020,"6-member","5-room",680266.2309
2020,"2-member","3Gen",809078.7555
2020,"2-member","5-room",691790.6779
2020,"6-member","4-room",573624.7438
2020,"2-member","4-room",622628.8248
2020,"4-member","2-room",405661.2379
2020,"3-member","3-room",469229.1143
2020,"2-member","4-room",599319.178
2020,"1-member","Executive",965388.5791
2020,"1-member","4-room",608399.7068
2020,"1-member","5-room",708845.8287
2020,"2-member","Executive",858575.7617
2020,"4-member","2-room",395674.6127
2020,"3-member","3-room",476286.0389
2020,"3-member","5-room",595514.3272
2020,"1-member","5-room",701634.4966
2020,"4-member","4-room",564846.9627
2020,"4-member","4-room",593523.9044
2020,"2-member","3-room",499605.0368
2020,"5-member","5-room",565771.8581
2020,"3-member","3-room",497447.5433
2020,"1-member","3Gen",808123.3918
2020,"3-member","2-room",421885.4971
2020,"6-member","4-room",587810.9131
2020,"4-member","5-room",672760.8064
2020,"3-member","5-room",773450.2775
2020,"2-member","3-room",496293.6821
2020,"4-member","4-room",612005.65
2020,"1-member","3Gen",781702.5829
2020,"6-member","4-room",601225.4194
2020,"2-member","Executive",842961.0918
2020,"2-member","2-room",409931.7596
2020,"4-member","3-room",465597.3785
2020,"2-member","2-room",356032.8532
2020,"5-member","5-room",702781.9721
2020,"2-member","5-room",745143.3866
2020,"6-member","2-room",419045.6538
2020,"5-member","2-room",387619.7518
2020,"3-member","3Gen",794103.2625
2020,"5-member","3-room",512865.712
2020,"5-member","2-room",395772.0052
2020,"6-member","5-room",700422.3479
2020,"3-member","3-room",494164.7224
2020,"1-member","Executive",896361.6546
2020,"4-member","4-room",590978.805
2020,"6-member","4-room",639148.8382
2020,"1-member","5-room",654387.188
2020,"4-member","3-room",475247.3423
2020,"3-member","3Gen",720570.6501
2020,"3-member","4-room",593337.5688
2020,"1-member","5-room",646401.8288
2020,"2-member","2-room",411473.076
2020,"2-member","3Gen",750938.4014
2020,"2-member","3Gen",828760.4123
2020,"1-member","3-room",513187.6191
2020,"3-member","5-room",749574.3492
2020,"2-member","5-room",725795.6789
2020,"3-member","5-room",717961.9107
2020,"1-member","5-room",698547.46
2020,"1-member","5-room",717515.4847
2020,"3-member","2-room",448132.1758
2020,"2-member","4-room",586641.0922
2020,"3-member","4-room",583073.1823
2020,"5-member","4-room",634660.8008
2020,"4-member","3-room",508208.2743
2020,"4-member","4-room",591093.0136
2020,"1-member","Executive",926331.1982
2020,"3-member","5-room",693334.6834
2020,"5-member","3-room",539911.6971
2020,"3-member","3-room",489828.0922
2020,"2-member","5-room",687761.9314
2020,"4-member","3Gen",771498.8493
2020,"2-member","3Gen",792572.5938
2020,"2-member","4-room",604496.3306
2020,"3-member","3Gen",787628.504
2020,"3-member","4-room",559756.8125
2020,"5-member","3-room",521418.2124
2020,"2-member","3Gen",778732.9456
2020,"5-member","2-room",390422.6468
2020,"1-member","Executive",908094.9035
2020,"2-member","5-room",676734.9079
2020,"3-member","3-room",495544.4619
2020,"4-member","3-room",499949.1683
2020,"2-member","4-room",593697.0275
2020,"3-member","2-room",375770.5966
2020,"5-member","4-room",540391.9175
2020,"4-member","5-room",677504.7321
2020,"3-member","5-room",685480.3921
2020,"4-member","3Gen",809432.5115
2020,"3-member","5-room",692160.0736
2020,"2-member","4-room",577595.9537
2020,"3-member","Executive",875239.1516
2020,"4-member","3Gen",855964.5235
2020,"3-member","4-room",641410.2408
2020,"4-member","2-room",379527.0367
2020,"2-member","4-room",616962.4167
2020,"1-member","5-room",709215.8675
2020,"2-member","3-room",528377.6673
2020,"4-member","2-room",374176.267
2020,"2-member","Executive",912661.8928
2020,"5-member","3-room",544049.6168
2020,"1-member","3Gen",822191.3983
2020,"6-member","3Gen",775374.1057
2020,"3-member","5-room",713851.5317
2020,"4-member","Executive",923104.4952
2020,"5-member","5-room",689494.0402
2020,"2-member","3-room",500206.3504
2020,"2-member","5-room",717764.1591
2020,"2-member","3-room",526789.7395
2020,"4-member","3-room",539767.2345
2020,"4-member","2-room",412634.0809
2020,"4-member","4-room",606343.218
2020,"3-member","2-room",402062.013
2020,"4-member","3-room",526011.2488
2020,"2-member","3Gen",734278.3561
2020,"2-member","4-room",585246.3826
2020,"3-member","3Gen",783856.918
2020,"1-member","4-room",617058.5967
2020,"1-member","3-room",504156.8372
2020,"4-member","2-room",415557.8652
2020,"5-member","4-room",603119.0286
2020,"3-member","Executive",904759.4056
2020,"2-member","3Gen",806873.8786
2020,"3-member","3Gen",840183.3921
2020,"4-member","Executive",938772.3739
2020,"1-member","2-room",410065.311
2020,"2-member","Executive",865768.2139
2020,"2-member","3Gen",778592.2608
2020,"4-member","4-room",574292.5122
2020,"2-member","2-room",421050.2969
2020,"4-member","3-room",496340.3727
2020,"3-member","2-room",364751.8119
2020,"1-member","3Gen",775496.2005
2020,"2-member","3Gen",776172.4301
2020,"1-member","5-room",713946.8533
2020,"6-member","3-room",493333.051
2020,"6-member","Executive",942909.6484
2020,"1-member","4-room",616802.9962
2020,"6-member","3Gen",788128.7188
2020,"2-member","4-room",595359.7393
2020,"4-member","3-room",473678.2318
2020,"5-member","2-room",385216.1288
2020,"3-member","4-room",599512.4709
2020,"3-member","Executive",851203.5919
2020,"5-member","4-room",592765.2943
2020,"5-member","3-room",441530.068
2020,"2-member","5-room",730886.947
2020,"1-member","3Gen",801356.4025
2020,"3-member","Executive",872078.1246
2020,"3-member","3Gen",793162.8292
2020,"4-member","4-room",581252.2233
2020,"1-member","3-room",476796.7293
2020,"5-member","4-room",591789.163
2020,"1-member","4-room",607417.9947
2020,"4-member","4-room",575484.4613
2020,"5-member","3-room",513911.9186
2020,"3-member","4-room",583147.028
2020,"3-member","5-room",674455.8556
2020,"2-member","3Gen",817559.4139
2020,"6-member","5-room",681051.9297
2020,"3-member","4-room",611394.3146
2020,"2-member","4-room",591382.8775
2020,"3-member","3Gen",780428.3446
2020,"4-member","Executive",942187.1458
2020,"3-member","3-room",426900.1442
2020,"5-member","Executive",949970.319
2020,"6-member","4-room",617307.0888
2020,"4-member","Executive",902081.9543
2020,"4-member","5-room",729161.6405
2020,"3-member","3-room",473835.0825
2020,"3-member","3Gen",814345.0669
2020,"5-member","Executive",813738.4644
2020,"3-member","5-room",650185.9486
2020,"1-member","3-room",516804.0044
2020,"6-member","5-room",680111.0974
2020,"4-member","3-room",488964.0822
2020,"3-member","2-room",387370.2781
2020,"4-member","4-room",574870.7385
2020,"4-member","2-room",418516.8102
2020,"2-member","5-room",679992.0294
2020,"4-member","5-room",667582.1041
2020,"3-member","Executive",919773.7712
2020,"3-member","3-room",506523.751
2020,"3-member","3-room",462336.3264
2020,"4-member","4-room",524633.0356
2020,"1-member","5-room",716156.6845
2020,"6-member","2-room",412273.2268
2020,"3-member","5-room",712691.934
2020,"2-member","2-room",421628.6921
2020,"2-member","4-room",606145.1549
2020,"4-member","4-room",626480.4745
2020,"2-member","2-room",411972.5752
2020,"1-member","3Gen",858186.568
2020,"3-member","5-room",702808.3626
2020,"4-member","Executive",873050.96
2020,"1-member","3-room",480147.1734
2020,"3-member","5-room",680577.4145
2020,"5-member","4-room",604545.1413
2020,"4-member","5-room",695062.8306
2020,"3-member","2-room",374753.1523
2020,"3-member","2-room",363789.9864
2020,"6-member","2-room",427788.766
2020,"4-member","4-room",550859.6501
2020,"2-member","4-room",545805.2016
2020,"4-member","Executive",859573.0064
2020,"3-member","4-room",600632.2658
2020,"2-member","Executive",873931.3284
2020,"4-member","4-room",564995.9208
2020,"2-member","4-room",624147.5476
2020,"3-member","Executive",915048.8563
2020,"1-member","4-room",641613.481
2020,"2-member","3-room",451145.586
2020,"3-member","3-room",508447.5267
2020,"3-member","2-room",415209.7843
2020,"3-member","3-room",476347.5618
2020,"4-member","3Gen",744559.8371
2020,"2-member","Executive",881228.3522
2020,"5-member","3Gen",829697.8345
2020,"2-member","5-room",724444.6548
2020,"3-member","5-room",711473.5892
2020,"2-member","4-room",624064.6141
2020,"1-member","5-room",696733.4998
2020,"4-member","4-room",553062.9216
2020,"6-member","3Gen",791855.2323
2020,"5-member","3Gen",820858.4414
2020,"2-member","3-room",471707.484
2020,"1-member","5-room",683746.1417
2020,"5-member","2-room",352916.272
2020,"2-member","2-room",363835.7621
2020,"3-member","2-room",358268.4007
2020,"3-member","5-room",695524.1721
2020,"1-member","5-room",684856.816
2020,"2-member","4-room",619867.3266
2020,"3-member","3-room",447467.0311
2020,"2-member","3Gen",820923.1281
2020,"3-member","5-room",688343.3627
2020,"3-member","3-room",526110.501
2020,"2-member","3Gen",813314.7576
2020,"2-member","5-room",687831.0226
2020,"5-member","Executive",863870.415
2020,"5-member","4-room",612527.981
2020,"6-member","4-room",583357.6797
2020,"5-member","5-room",654003.3016
2020,"2-member","3-room",464626.7482
2020,"3-member","3-room",480775.6437
2020,"4-member","3Gen",775288.7124
2020,"2-member","3-room",508098.809
2020,"1-member","3-room",520106.5419
2020,"3-member","4-room",557486.0746
2020,"3-member","3-room",538378.2121
2020,"6-member","Executive",900407.1921
2020,"5-member","3-room",543380.0885
2020,"2-member","4-room",598178.5026
2020,"3-member","3-room",509489.2124
2020,"5-member","2-room",385285.9526
2020,"4-member","4-room",548819.5541
2020,"5-member","2-room",447703.7528
2020,"2-member","4-room",522856.1929
2020,"3-member","5-room",681777.9347
2020,"4-member","Executive",919340.3285
2020,"1-member","4-room",644077.8584
2020,"6-member","3-room",496163.0594
2020,"3-member","2-room",379648.2378
2020,"2-member","Executive",948551.6154
2020,"3-member","5-room",731384.4278
2020,"4-member","4-room",566055.0557
2020,"1-member","4-room",593497.6001
2020,"2-member","4-room",621018.9171
2020,"1-member","2-room",342420.5589
2020,"2-member","2-room",355133.5834
2020,"3-member","4-room",603834.5666
2020,"1-member","5-room",697388.6028
2020,"2-member","3-room",484631.6615
2020,"3-member","Executive",908813.4925
2020,"3-member","Executive",881429.0427
2020,"4-member","3-room",541375.215
2020,"4-member","5-room",741430.9973
2020,"1-member","5-room",662821.258
2020,"5-member","2-room",398212.9314
2020,"4-member","2-room",393581.7098
2020,"4-member","4-room",591295.7947
2020,"4-member","5-room",680107.8902
2020,"2-member","5-room",677766.5852
2020,"6-member","5-room",745761.5189
2020,"2-member","Executive",871038.5738
2020,"4-member","3Gen",794270.3014
2020,"4-member","2-room",404134.3993
2020,"2-member","4-room",583912.7748
2020,"4-member","Executive",903643.6607
2020,"6-member","3Gen",823583.1104
2020,"6-member","2-room",383702.8444
2020,"2-member","4-room",610892.4216
2020,"5-member","3-room",538237.7781
2020,"4-member","Executive",922067.9095
2020,"4-member","Executive",893712.5374
2020,"3-member","2-room",426242.2182
2020,"4-member","4-room",599020.8091
2020,"5-member","3-room",486867.9765
2020,"5-member","3-room",457498.9383
2020,"2-member","3-room",526242.5833
2020,"1-member","2-room",389524.5035
2020,"6-member","3-room",487931.8981
2020,"5-member","4-room",591698.1085
2020,"1-member","3-room",451169.0203
2020,"3-member","2-room",393959.8569
2020,"4-member","3Gen",831245.9957
2020,"6-member","3-room",505613.3874
2020,"2-member","5-room",672609.1045
2020,"3-member","3-room",522668.8088
2020,"3-member","3-room",504005.8633
2020,"6-member","Executive",896708.9934
2020,"3-member","Executive",911488.5027
2020,"3-member","3Gen",830398.7243
2020,"3-member","Executive",849963.1738
2020,"2-member","4-room",589187.8515
2020,"3-member","4-room",569164.6927
2020,"3-member","Executive",869452.8893
2020,"6-member","5-room",771953.0577
2020,"3-member","3-room",551723.6834
2020,"4-member","5-room",700310.4318
2020,"6-member","5-room",708365.5452
2020,"4-member","4-room",572449.5287
2020,"3-member","3-room",473877.5448
2020,"5-member","2-room",454227.0402
2020,"1-member","3Gen",780829.7924
2020,"1-member","2-room",347400.7196
2020,"2-member","2-room",378128.6605
2020,"5-member","2-room",382192.1176
2020,"2-member","3Gen",776221.6264
2020,"3-member","Executive",836665.6942
2020,"2-member","Executive",920308.0615
2020,"4-member","3-room",492088.9509
2020,"1-member","5-room",736695.8148
2020,"2-member","5-room",689333.3245
2020,"1-member","5-room",722019.2638
2020,"3-member","4-room",591063.1579
2020,"5-member","4-room",568398.1209
2020,"1-member","3Gen",818425.4495
2020,"5-member","Executive",937238.5338
2020,"5-member","2-room",431618.7757
2020,"2-member","3-room",466360.4007
2020,"5-member","3Gen",771970.1995
2020,"4-member","2-room",411459.0396
2020,"1-member","5-room",702267.1818
2020,"4-member","3-room",513561.149
2020,"3-member","5-room",550325.1102
2020,"3-member","4-room",584443.3326
2020,"1-member","2-room",385437.7191
2020,"2-member","2-room",396794.2043
2020,"1-member","Executive",853922.8951
2020,"3-member","3-room",524609.1585
2020,"1-member","5-room",717822.793
2020,"3-member","2-room",387888.6843
2020,"3-member","3-room",529352.581
2020,"2-member","3-room",496136.7422
2020,"4-member","2-room",410357.2761
2020,"3-member","2-room",373330.4811
2020,"1-member","3-room",498052.7251
2020,"3-member","5-room",724714.8249
2020,"2-member","3Gen",783174.3821
2020,"3-member","4-room",614661.1291
2020,"3-member","5-room",685987.9148
2020,"1-member","5-room",724944.7417
2020,"2-member","4-room",536340.842
2020,"4-member","2-room",445915.55
2020,"3-member","5-room",720943.2431
2020,"2-member","2-room",375001.3225
2020,"1-member","2-room",401923.5847
2020,"5-member","2-room",390822.3428
2020,"2-member","3-room",540358.8232
2020,"2-member","3Gen",825273.4145
2020,"6-member","5-room",710874.6478
2020,"1-member","4-room",546235.546
2020,"5-member","4-room",598794.4152
2020,"4-member","Executive",851116.1073
2020,"5-member","3Gen",792159.254
2020,"4-member","3Gen",797736.5349
2020,"2-member","3-room",509191.1221
2020,"2-member","5-room",646023.7212
2020,"5-member","5-room",705361.8608
2020,"5-member","Executive",912955.1723
2020,"2-member","Executive",866343.0479
2020,"2-member","2-room",436165.1749
2020,"2-member","5-room",689886.4569
2020,"6-member","5-room",723466.142
2020,"3-member","3Gen",818355.0186
2020,"1-member","3-room",485608.8445
2020,"5-member","3Gen",818152.3465
2020,"3-member","4-room",601350.2986
2020,"1-member","3-room",496285.825
2020,"4-member","3-room",430751.3573
2020,"2-member","4-room",620740.7959
2020,"6-member","4-room",575809.4043
2020,"3-member","5-room",732890.3607
2020,"3-member","3-room",459509.8998
2020,"2-member","3-room",520746.1817
2020,"5-member","4-room",610554.2721
2020,"1-member","Executive",873808.3272
2020,"4-member","3Gen",799607.5131
2020,"1-member","5-room",662041.0918
2020,"2-member","3Gen",810075.5364
2020,"2-member","2-room",380987.3017
2020,"1-member","4-room",620401.9953
2020,"6-member","5-room",701561.2442
2020,"6-member","3-room",521088.6298
2020,"1-member","2-room",410005.7844
2020,"1-member","4-room",604722.4538
2020,"2-member","5-room",682961.8433
2020,"5-member","2-room",391108.6882
2020,"3-member","3Gen",827392.1762
2020,"2-member","3-room",514009.9855
2020,"3-member","2-room",411287.7727
2020,"4-member","4-room",560658.6785
2020,"1-member","4-room",570665.0267
2020,"5-member","3Gen",820477.8384
2020,"4-member","5-room",659801.9297
2020,"3-member","4-room",584348.4708
2020,"4-member","5-room",705615.8472
2020,"5-member","3Gen",840734.9964
2020,"3-member","3Gen",831070.0541
2020,"4-member","Executive",909124.6166
2020,"2-member","3-room",510285.2065
2020,"5-member","2-room",366805.6588
2020,"2-member","4-room",623214.5269
2020,"1-member","5-room",646992.5935
2020,"3-member","3-room",445257.0075
2020,"4-member","5-room",691884.78
2020,"4-member","3-room",528648.532
2020,"3-member","3-room",457167.1953
2020,"3-member","5-room",715468.8024
2020,"1-member","3-room",511589.7529
2020,"5-member","3Gen",827433.4439
2020,"2-member","5-room",652046.924
2020,"5-member","Executive",886414.5328
2020,"1-member","4-room",624343.5167
2020,"2-member","3-room",501600.1293
2020,"3-member","5-room",685097.8826
2020,"3-member","3-room",497087.8121
2020,"4-member","3-room",504283.0473
2020,"2-member","4-room",603889.6128
2020,"4-member","3Gen",757230.9309
2020,"6-member","3Gen",847391.0462
2020,"1-member","5-room",710880.8914
2020,"2-member","4-room",629438.9197
2020,"2-member","3-room",510615.8598
2020,"2-member","5-room",686838.9256
2020,"2-member","5-room",694871.4738
2020,"6-member","2-room",423194.3556
2020,"2-member","Executive",923978.1147
2020,"4-member","4-room",601790.3976
2020,"2-member","3-room",478801.2515
2020,"4-member","3-room",472199.6149
2020,"5-member","4-room",600494.714
2020,"2-member","3-room",513000.1684
2020,"4-member","Executive",924127.0282
2020,"2-member","3-room",500031.5024
2020,"5-member","Executive",938099.5728
2020,"6-member","3Gen",803913.9508
2020,"5-member","Executive",904913.5468
2020,"2-member","4-room",574858.8025
2020,"4-member","2-room",464817.2208
2020,"3-member","2-room",411374.8684
2020,"3-member","3-room",462939.5991
2020,"2-member","3-room",496645.4256
2020,"2-member","4-room",632861.8488
2020,"1-member","3-room",547997.5615
2020,"4-member","Executive",926149.4167
2020,"3-member","5-room",648915.8864
2020,"5-member","5-room",689406.4827
2020,"2-member","3Gen",800457.8438
2020,"2-member","5-room",703520.1056
2020,"2-member","Executive",889388.3753
2020,"2-member","3Gen",799698.7904
2020,"1-member","3-room",509675.2084
2020,"1-member","2-room",385019.7606
2020,"2-member","2-room",365849.1204
2020,"3-member","2-room",407294.363
2020,"1-member","5-room",744481.0069
2020,"4-member","3-room",514803.6427
2020,"1-member","Executive",878808.7331
2020,"1-member","3-room",518044.2786
2020,"4-member","3Gen",798609.8706
2020,"2-member","4-room",579751.0772
2020,"6-member","Executive",910304.2667
2020,"1-member","Executive",880185.9258
2020,"5-member","3-room",471812.7205
2020,"4-member","4-room",567039.7222
2020,"3-member","5-room",689285.4385
2020,"2-member","Executive",850084.0274
2020,"4-member","5-room",691964.5233
2020,"4-member","3-room",527476.6443
2020,"1-member","3-room",504358.4995
2020,"5-member","5-room",697183.7984
2020,"2-member","3-room",512059.2318
2020,"3-member","3Gen",830386.7419
2020,"3-member","2-room",377797.8692
2020,"6-member","5-room",714951.4186
2020,"1-member","4-room",622407.1779
2020,"3-member","Executive",883719.4749
2020,"5-member","2-room",422729.1264
2020,"3-member","3Gen",778105.6942
2020,"5-member","2-room",369618.8967
2020,"4-member","Executive",894564.1344
2020,"3-member","4-room",556252.1131
2020,"3-member","5-room",713118.1455
2020,"6-member","2-room",411280.4996
2020,"6-member","5-room",714593.9877
2020,"3-member","3Gen",816818.6174
2020,"4-member","5-room",688144.7427
2020,"4-member","4-room",645716.766
2020,"2-member","3Gen",822184.7186
2020,"4-member","4-room",592379.9254
2020,"1-member","5-room",669450.7952
2020,"2-member","3-room",440659.6741
2020,"4-member","Executive",914668.1765
2020,"6-member","2-room",395397.0236
2020,"5-member","3-room",474033.7091
2020,"5-member","Executive",839154.2158
2020,"4-member","3Gen",797879.6003
2020,"2-member","3-room",498061.347
2020,"2-member","3Gen",859567.6296
2020,"1-member","3-room",550175.8127
2020,"5-member","5-room",680085.0566
2020,"2-member","Executive",929237.5661
2020,"1-member","3-room",462289.389
2020,"6-member","4-room",603213.481
2020,"4-member","4-room",626599.3415
2020,"4-member","4-room",583888.1161
2020,"2-member","Executive",819916.28
2020,"2-member","4-room",615035.8071
2020,"1-member","3-room",434421.5024
2020,"1-member","5-room",711482.9409
2020,"3-member","3-room",489152.0537
2020,"4-member","3-room",518858.617
2020,"3-member","Executive",924719.958
2020,"5-member","4-room",621150.1381
2020,"2-member","3-room",498288.0518
2020,"2-member","3-room",474793.264
2020,"4-member","3-room",499300.1697
2020,"2-member","2-room",415811.7216
2020,"3-member","3-room",548497.3999
2020,"2-member","3Gen",777208.3057
2020,"3-member","Executive",780280.9812
2020,"5-member","5-room",674855.8708
2020,"6-member","Executive",892038.1454
2020,"1-member","3Gen",783981.343
2020,"2-member","5-room",695851.4518
2020,"1-member","3-room",488409.3417
2020,"3-member","4-room",615434.0712
2020,"4-member","3-room",476819.5923
2020,"1-member","5-room",563277.2514
2020,"2-member","Executive",906792.5479
2020,"5-member","5-room",667486.4437
2020,"3-member","4-room",566759.9007
2020,"2-member","5-room",732557.7039
2020,"3-member","3-room",481273.1512
2020,"3-member","3-room",494679.8939
2020,"4-member","4-room",580936.8025
2020,"3-member","2-room",401255.7192
2020,"4-member","4-room",535005.2524
2020,"1-member","3-room",477642.9802
2020,"3-member","5-room",719124.8655
2020,"2-member","3-room",477593.4507
2020,"3-member","4-room",610868.5391
2020,"1-member","3-room",507891.0925
2020,"5-member","Executive",896311.2189
2020,"4-member","3-room",474125.759
2020,"2-member","3-room",490555.6974
2020,"4-member","3-room",495227.6135
2020,"1-member","2-room",364010.6101
2020,"2-member","4-room",615541.6218
2020,"3-member","3-room",437749.7065
2020,"4-member","5-room",696065.531
2020,"5-member","3-room",501487.063
2020,"5-member","4-room",603581.948
2020,"4-member","2-room",376362.8175
2020,"2-member","2-room",412085.5849
2020,"6-member","Executive",916983.1737
2020,"6-member","5-room",644214.6277
2020,"2-member","2-room",393565.5224
2020,"3-member","3-room",445878.4156
2020,"6-member","5-room",710538.6828
2020,"4-member","2-room",405540.7604
2020,"4-member","3-room",488640.5837
2020,"3-member","5-room",659155.3957
2020,"3-member","3-room",464732.9558
2020,"3-member","3-room",474012.5104
2020,"6-member","4-room",639962.1224
2020,"1-member","3-room",466333.8377
2020,"5-member","4-room",591492.0126
2020,"2-member","3-room",503848.251
2020,"1-member","2-room",419101.8149
2020,"3-member","5-room",696930.9773
2020,"3-member","Executive",918292.2019
2020,"6-member","Executive",860408.8575
2020,"4-member","2-room",386341.87
2020,"3-member","2-room",428224.1446
2020,"3-member","3Gen",772578.4974
2020,"3-member","3-room",548039.7517
2020,"4-member","2-room",409441.1713
2020,"4-member","3Gen",828155.9872
2020,"3-member","2-room",440370.7817
2020,"6-member","3-room",562973.9107
2020,"3-member","4-room",611855.4354
2020,"4-member","3Gen",802846.3429
2020,"2-member","4-room",603502.3021
2020,"1-member","3Gen",838665.5216
2020,"1-member","3Gen",848638.8536
2020,"4-member","5-room",710214.5126
2020,"2-member","Executive",923101.0537
2020,"1-member","4-room",590878.7192
2020,"4-member","5-room",678538.4135
2020,"5-member","3Gen",786419.2944
2020,"4-member","5-room",701703.9682
2020,"4-member","3-room",490243.3228
2020,"4-member","3-room",478015.543
2020,"2-member","3Gen",792141.383
2020,"5-member","3Gen",656953.709
2020,"2-member","3-room",492096.6343
2020,"1-member","3Gen",788972.1435
2020,"4-member","3-room",492057.4098
2020,"5-member","2-room",405850.9976
2020,"5-member","3Gen",817039.84
2020,"2-member","2-room",425697.8361
2020,"1-member","3-room",518866.3471
